{
  "group_number": 46,
  "assignment": "Comparative Financial QA System: RAG vs Fine-Tuning",
  "submission_date": "2025-08-24 11:11:18",
  "advanced_rag_technique": "Hybrid Search (Sparse + Dense Retrieval)",
  "advanced_fine_tuning_technique": "Adapter-Based Parameter-Efficient Tuning",
  "total_files": 13,
  "implementation_status": "Complete",
  "open_source_compliance": "Yes - No proprietary APIs used",
  "evaluation_complete": "Yes - 15+ questions evaluated",
  "guardrails_implemented": "Yes - Input and output validation"
}